{
  "project_info": {
    "project_number": "593378172002",
    "project_id": "identificadorllamadas",
    "storage_bucket": "identificadorllamadas.firebasestorage.app"
  },
  "client": [
    {
      "client_info": {
        "mobilesdk_app_id": "1:593378172002:android:364e57da29dab5acb1053b",
        "android_client_info": {
          "package_name": "com.example.identificadorllamadas"
        }
      },
      "oauth_client": [],
      "api_key": [
        {
          "current_key": "AIzaSyAx43cRqvJrU8Zux6vkjFSHFkcFs767Os4"
        }
      ],
      "services": {
        "appinvite_service": {
          "other_platform_oauth_client": []
        }
      }
    }
  ],
  "configuration_version": "1"
}